date,smp,load,pv
2018-04-01 0:00,90.2,15.007,0
2018-04-01 1:00,90.58,13.386,0
2018-04-01 2:00,89.75,12.35,0
2018-04-01 3:00,85.35,12.246,0
2018-04-01 4:00,85.6,12.048,0
2018-04-01 5:00,87.47,12.618,0
2018-04-01 6:00,87.47,12.99,0
2018-04-01 7:00,87.32,13.659,0.699
2018-04-01 8:00,87.22,13.439,7.81
2018-04-01 9:00,86.59,13.325,24.322
2018-04-01 10:00,85.34,13.308,40.641
2018-04-01 11:00,85.34,14.078,41.774
2018-04-01 12:00,85.17,13.457,18.682
2018-04-01 13:00,85.17,14.237,17.356
2018-04-01 14:00,85.17,13.863,32.952
2018-04-01 15:00,85.56,13.386,38.906
2018-04-01 16:00,86.24,12.76905,12.752
2018-04-01 17:00,86.9,12.1521,2.676
2018-04-01 18:00,87.64,17.193,0
2018-04-01 19:00,87.64,18.635,0
2018-04-01 20:00,87.65,19.824,0
2018-04-01 21:00,87.79,18.82,0
2018-04-01 22:00,87.84,18.429,0
2018-04-01 23:00,87.94,17.835,0
2018-04-02 0:00,87.33,15.378,0
2018-04-02 1:00,85.28,13.938,0
2018-04-02 2:00,81.63,12.963,0
2018-04-02 3:00,81.88,12.31,0
2018-04-02 4:00,84.39,12.419,0
2018-04-02 5:00,86.96,12.413,0
2018-04-02 6:00,87.53,13.729,0
2018-04-02 7:00,90.39,14.99,4.459
2018-04-02 8:00,94.64,14.052,12.535
2018-04-02 9:00,95.01,12.373,26.154
2018-04-02 10:00,94.71,12.431,35.724
2018-04-02 11:00,92.39,11.227,77.691
2018-04-02 12:00,88.3,11.129,136.58
2018-04-02 13:00,90.64,10.168,116.645
2018-04-02 14:00,90.64,9.988,108.377
2018-04-02 15:00,91.73,10.529,100.808
2018-04-02 16:00,92.26,10.743,52.14
2018-04-02 17:00,92.26,12.701,20.128
2018-04-02 18:00,92.47,14.33,2.989
2018-04-02 19:00,92.47,18.212,0
2018-04-02 20:00,91.91,19.033,0
2018-04-02 21:00,89.1,18.957,0
2018-04-02 22:00,88.32,17.704,0
2018-04-02 23:00,88.32,15.89,0
2018-04-03 0:00,87.67,14.255,0
2018-04-03 1:00,87.1,12.954,0
2018-04-03 2:00,86.66,12.376,0
2018-04-03 3:00,86.75,12.015,0
2018-04-03 4:00,86.75,12.003,0
2018-04-03 5:00,88.72,13.536,0
2018-04-03 6:00,88.72,13.623,0
2018-04-03 7:00,92.35,14.881,0
2018-04-03 8:00,94.94,14.275,0.41
2018-04-03 9:00,94.94,12.715,4.387
2018-04-03 10:00,93.42,11.535,30.3
2018-04-03 11:00,92.41,10.718,29.818
2018-04-03 12:00,88.11,11.084,63.686
2018-04-03 13:00,90.56,10.855,12.631
2018-04-03 14:00,90.64,11.491,7.858
2018-04-03 15:00,91.78,11.085,27.528
2018-04-03 16:00,92.46,10.753,20.489
2018-04-03 17:00,92.47,12.658,5.93
2018-04-03 18:00,92.48,17.052,0.072
2018-04-03 19:00,92.49,20.346,0
2018-04-03 20:00,92.49,20.327,0
2018-04-03 21:00,89.59,20.348,0
2018-04-03 22:00,88.47,19.145,0
2018-04-03 23:00,88.44,17.495,0
2018-04-04 0:00,87.67,15.352,0
2018-04-04 1:00,87.05,14.046,0
2018-04-04 2:00,86.56,12.856,0
2018-04-04 3:00,86.55,12.668,0
2018-04-04 4:00,86.56,12.588,0
2018-04-04 5:00,88.13,13.785,0
2018-04-04 6:00,88.06,14.538,0
2018-04-04 7:00,92.57,15.6,2.627
2018-04-04 8:00,93.7,14.54,6.605
2018-04-04 9:00,93.7,12.954,20.538
2018-04-04 10:00,93.65,11.396,81.066
2018-04-04 11:00,93.14,11.149,70.05
2018-04-04 12:00,88.59,11.201,49.343
2018-04-04 13:00,92.15,11.11,112.138
2018-04-04 14:00,92.24,10.182,139.256
2018-04-04 15:00,92.22,10.498,106.979
2018-04-04 16:00,92.25,10.436,70.026
2018-04-04 17:00,92.25,11.56,27.866
2018-04-04 18:00,93.14,13.815,4.58
2018-04-04 19:00,93.14,17.551,0
2018-04-04 20:00,93.19,18.429,0
2018-04-04 21:00,91.66,19.024,0
2018-04-04 22:00,91.6,20.198,0
2018-04-04 23:00,91.6,17.85,0
2018-04-05 0:00,87.99,15.532,0
2018-04-05 1:00,87.04,13.705,0
2018-04-05 2:00,86.98,12.648,0
2018-04-05 3:00,86.48,12.641,0
2018-04-05 4:00,87.04,12.833,0
2018-04-05 5:00,87.03,14.148,0
2018-04-05 6:00,88.03,14.896,0
2018-04-05 7:00,92.17,16.138,0.072
2018-04-05 8:00,93.66,15.151,0.579
2018-04-05 9:00,94.07,14.31,3.254
2018-04-05 10:00,93.21,12.407,1.977
2018-04-05 11:00,94.07,11.443,10.004
2018-04-05 12:00,88.55,11.931,16.705
2018-04-05 13:00,93.19,11.192,8.292
2018-04-05 14:00,93.18,10.056,5.472
2018-04-05 15:00,93.18,10.754,5.52
2018-04-05 16:00,93.6,12.715,3.182
2018-04-05 17:00,93.66,14.718,0.096
2018-04-05 18:00,93.66,16.631,0
2018-04-05 19:00,93.66,19.868,0
2018-04-05 20:00,93.67,20.711,0
2018-04-05 21:00,93.16,19.696,0
2018-04-05 22:00,91.82,18.347,0
2018-04-05 23:00,91.82,16.514,0
2018-04-06 0:00,87.54,15.518,0
2018-04-06 1:00,86.62,14.469,0
2018-04-06 2:00,86.56,13.66,0
2018-04-06 3:00,86.3,13.85,0
2018-04-06 4:00,86.59,13.001,0
2018-04-06 5:00,87.33,13.585,0
2018-04-06 6:00,88.31,14.364,0
2018-04-06 7:00,92.41,16.304,6.267
2018-04-06 8:00,93.54,14.559,40.208
2018-04-06 9:00,93.49,12.441,26.299
2018-04-06 10:00,93.34,11.237,38.327
2018-04-06 11:00,93.26,11.441,70.243
2018-04-06 12:00,88.4,12.497,84.127
2018-04-06 13:00,93.01,11.303,83.428
2018-04-06 14:00,93.01,11.782,60.649
2018-04-06 15:00,93,11.401,40.039
2018-04-06 16:00,93.01,12.372,38.641
2018-04-06 17:00,93.03,12.983,28.251
2018-04-06 18:00,93.04,14.987,5.327
2018-04-06 19:00,93.05,19.298,0
2018-04-06 20:00,93.02,19.435,0
2018-04-06 21:00,93.02,20.486,0
2018-04-06 22:00,93.02,19.261,0
2018-04-06 23:00,91.56,18.391,0
2018-04-07 0:00,89.1,16.256,0
2018-04-07 1:00,89.1,15.073,0
2018-04-07 2:00,87.26,14.499,0
2018-04-07 3:00,86.26,13.592,0
2018-04-07 4:00,87.26,12.656,0
2018-04-07 5:00,87.26,12.459,0
2018-04-07 6:00,89.37,13.383,0.482
2018-04-07 7:00,89.37,15.801,16.392
2018-04-07 8:00,89.38,15.057,53.007
2018-04-07 9:00,89.43,14.439,75.474
2018-04-07 10:00,88.6,12.69,75.16
2018-04-07 11:00,88.47,12.339,101.266
2018-04-07 12:00,85.6,12.229,159.987
2018-04-07 13:00,86.96,11.718,166.158
2018-04-07 14:00,86.96,11.342,150.634
2018-04-07 15:00,86.93,11.453,123.853
2018-04-07 16:00,86.96,13.338,83.766
2018-04-07 17:00,89.36,13.63,36.061
2018-04-07 18:00,89.61,15.162,3.76
2018-04-07 19:00,89.61,17.958,0
2018-04-07 20:00,89.61,19.909,0
2018-04-07 21:00,89,18.798,0
2018-04-07 22:00,89,17.982,0
2018-04-07 23:00,89,16.806,0
2018-04-08 0:00,86.55,16.397,0
2018-04-08 1:00,86.37,16.092,0
2018-04-08 2:00,85.57,14.867,0
2018-04-08 3:00,85.31,13.618,0
2018-04-08 4:00,85.57,13.185,0
2018-04-08 5:00,87.02,13.299,0
2018-04-08 6:00,87.02,14.099,0.892
2018-04-08 7:00,87.02,14.816,20.658
2018-04-08 8:00,86.87,14.414,49.56
2018-04-08 9:00,86.57,16.005,47.487
2018-04-08 10:00,85.44,14.053,32.325
2018-04-08 11:00,85.43,13.369,47.897
2018-04-08 12:00,84.9,14.905,35.459
2018-04-08 13:00,85.23,15.699,27.697
2018-04-08 14:00,85.23,15.25,15.476
2018-04-08 15:00,85.23,14.826,10.679
2018-04-08 16:00,85.93,15.029,0.579
2018-04-08 17:00,87.06,15.567,0.121
2018-04-08 18:00,87.52,17.671,0
2018-04-08 19:00,89.49,20.48,0
2018-04-08 20:00,89.49,20.715,0
2018-04-08 21:00,89.49,19.986,0
2018-04-08 22:00,89.49,17.714,0
2018-04-08 23:00,87.78,16.809,0
2018-04-09 0:00,85.77,14.943,0
2018-04-09 1:00,83.85,13.145,0
2018-04-09 2:00,81.75,12.767,0
2018-04-09 3:00,74.7,12.946,0
2018-04-09 4:00,83.8,12.815,0
2018-04-09 5:00,86.37,13.727,0
2018-04-09 6:00,87.73,15.28,0.024
2018-04-09 7:00,89.97,15.303,4.484
2018-04-09 8:00,92.29,15.389,20.899
2018-04-09 9:00,92.85,12.975,72.316
2018-04-09 10:00,92.85,10.415,128.674
2018-04-09 11:00,92.85,10.322,148.464
2018-04-09 12:00,88.37,11.477,157.865
2018-04-09 13:00,92.32,11.094,153.743
2018-04-09 14:00,93.2,10.48,128.746
2018-04-09 15:00,93.2,10.178,101.29
2018-04-09 16:00,93.67,9.872,67.181
2018-04-09 17:00,93.67,10.58,27.384
2018-04-09 18:00,93.67,14.193,4.05
2018-04-09 19:00,93.67,18.626,0
2018-04-09 20:00,92.76,20.01,0
2018-04-09 21:00,91.93,20.009,0
2018-04-09 22:00,91.93,18.311,0
2018-04-09 23:00,91.77,16.737,0
2018-04-10 0:00,88.13,14.984,0
2018-04-10 1:00,87.7,13.2,0
2018-04-10 2:00,87.7,12.764,0
2018-04-10 3:00,87.7,12.351,0
2018-04-10 4:00,87.63,12.32,0
2018-04-10 5:00,88.05,13.162,0
2018-04-10 6:00,88.23,13.919,1.35
2018-04-10 7:00,92.07,15.094,15.427
2018-04-10 8:00,93.76,14.078,33.482
2018-04-10 9:00,93.93,12.56,94.469
2018-04-10 10:00,93.76,10.823,128.144
2018-04-10 11:00,93.32,10.828,146.512
2018-04-10 12:00,90.65,10.908,130.385
2018-04-10 13:00,93.14,10.118,56.888
2018-04-10 14:00,93.14,9.979,32.012
2018-04-10 15:00,93.17,9.676,28.324
2018-04-10 16:00,93.18,9.917,18.441
2018-04-10 17:00,93.2,11.349,2.531
2018-04-10 18:00,93.21,15.782,0
2018-04-10 19:00,93.22,17.823,0
2018-04-10 20:00,92.18,19.006,0
2018-04-10 21:00,91.91,19.012,0
2018-04-10 22:00,91.64,18.17,0
2018-04-10 23:00,91.68,17.676,0
2018-04-11 0:00,87.79,15.92,0
2018-04-11 1:00,87.79,14.041,0
2018-04-11 2:00,87.63,13.872,0
2018-04-11 3:00,87,12.885,0
2018-04-11 4:00,87.78,12.675,0
2018-04-11 5:00,87.78,13.625,0
2018-04-11 6:00,88.04,14.355,1.253
2018-04-11 7:00,92.87,15.456,20.899
2018-04-11 8:00,93.73,15.367,62.577
2018-04-11 9:00,93.72,12.975,103.026
2018-04-11 10:00,93.71,10.906,132.555
2018-04-11 11:00,93.52,10.498,157.552
2018-04-11 12:00,90.6,10.339,166.471
2018-04-11 13:00,92.99,10.646,160.686
2018-04-11 14:00,92.99,10.313,147.886
2018-04-11 15:00,93,9.415,120.671
2018-04-11 16:00,93.72,10.319,81.018
2018-04-11 17:00,93.74,11.168,35.121
2018-04-11 18:00,93.5,14.765,3.712
2018-04-11 19:00,93.46,17.04,0
2018-04-11 20:00,92.11,16.735,0
2018-04-11 21:00,91.85,17.798,0
2018-04-11 22:00,91.57,18.721,0
2018-04-11 23:00,91.58,17.414,0
2018-04-12 0:00,88.2,15.251,0
2018-04-12 1:00,87.55,13.679,0
2018-04-12 2:00,87.55,12.972,0
2018-04-12 3:00,87.49,12.74,0
2018-04-12 4:00,87.71,12.952,0
2018-04-12 5:00,88.91,13.51,0
2018-04-12 6:00,89.01,13.862,1.374
2018-04-12 7:00,92.04,15.584,19.863
2018-04-12 8:00,93.91,13.549,60.745
2018-04-12 9:00,93.88,12.485,102.327
2018-04-12 10:00,93.85,11.604,124.431
2018-04-12 11:00,92.9,11.138,143.957
2018-04-12 12:00,88.3,11.526,150.875
2018-04-12 13:00,92.48,11.16,158.179
2018-04-12 14:00,92.87,10.51,142.679
2018-04-12 15:00,92.87,10.552,116.043
2018-04-12 16:00,93.55,10.491,76.92
2018-04-12 17:00,93.57,11.785,34.808
2018-04-12 18:00,93.58,13.817,4.218
2018-04-12 19:00,93.62,17.152,0
2018-04-12 20:00,92.84,18.233,0
2018-04-12 21:00,92.09,20.08,0
2018-04-12 22:00,91.65,19.268,0
2018-04-12 23:00,91.66,17.716,0
2018-04-13 0:00,88.3,16.262,0
2018-04-13 1:00,87.37,14.45,0
2018-04-13 2:00,87.43,13.266,0
2018-04-13 3:00,87.43,12.86,0
2018-04-13 4:00,89.75,12.98,0
2018-04-13 5:00,89.75,13.297,0
2018-04-13 6:00,89.5,14.474,0.627
2018-04-13 7:00,92.92,14.406,12.029
2018-04-13 8:00,93.01,13.361,34.085
2018-04-13 9:00,92.91,12.113,64.915
2018-04-13 10:00,92.86,9.995,61.709
2018-04-13 11:00,92.32,10.893,100.567
2018-04-13 12:00,88.55,10.377,73.039
2018-04-13 13:00,92.27,9.853,40.352
2018-04-13 14:00,92.69,9.29,38.327
2018-04-13 15:00,92.54,9.349,35.917
2018-04-13 16:00,93.42,9.814,23.165
2018-04-13 17:00,93.61,10.59,11.137
2018-04-13 18:00,93.66,13.404,1.326
2018-04-13 19:00,93.69,17.034,0
2018-04-13 20:00,92.91,17.63236667,0
2018-04-13 21:00,92.13,18.23073333,0
2018-04-13 22:00,92.06,17.652,0
2018-04-13 23:00,91.62,16.211,0
2018-04-14 0:00,90.34,15.482,0
2018-04-14 1:00,88.44,14.084,0
2018-04-14 2:00,88.04,13.071,0
2018-04-14 3:00,88.04,12.7012,0
2018-04-14 4:00,88.04,12.3314,0
2018-04-14 5:00,88.58,13.038,0
2018-04-14 6:00,89.4,13.511,0
2018-04-14 7:00,90.63,13.529,1.205
2018-04-14 8:00,90.63,14.322,5.327
2018-04-14 9:00,90.08,14.271,9.763
2018-04-14 10:00,90.26,14.712,19.742
2018-04-14 11:00,90.08,14.153,22.996
2018-04-14 12:00,87.25,14.412,12.728
2018-04-14 13:00,87.24,15.3,16.874
2018-04-14 14:00,88.5,13.615,13.403
2018-04-14 15:00,87.69,13.688,35.314
2018-04-14 16:00,88.5,13.78,37.749
2018-04-14 17:00,88.76,13.863,14.704
2018-04-14 18:00,89.45,14.895,0.337
2018-04-14 19:00,89.78,17.63,0
2018-04-14 20:00,89.78,17.587,0
2018-04-14 21:00,89.78,17.763,0
2018-04-14 22:00,89.78,18.54,0
2018-04-14 23:00,89.78,17.248,0
2018-04-15 0:00,87.08,16.358,0
2018-04-15 1:00,87.08,14.788,0
2018-04-15 2:00,85.92,14.174,0
2018-04-15 3:00,85.92,13.646,0
2018-04-15 4:00,85.92,13.224,0
2018-04-15 5:00,86.97,12.76,0
2018-04-15 6:00,86.97,13.032,3.592
2018-04-15 7:00,86.97,13.358,25.817
2018-04-15 8:00,88.26,15.675,54.526
2018-04-15 9:00,88.26,13.543,83.549
2018-04-15 10:00,88.19,12.731,106.666
2018-04-15 11:00,88.19,12.07915,123.419
2018-04-15 12:00,87.93,11.4273,106.618
2018-04-15 13:00,87.93,12.852,124.455
2018-04-15 14:00,87.93,12.966,100.302
2018-04-15 15:00,87.93,14.459,87.743
2018-04-15 16:00,86.54,13.41,57.274
2018-04-15 17:00,87.16,14.413,35.772
2018-04-15 18:00,88.33,16.024,8.485
2018-04-15 19:00,88.37,18.191,0
2018-04-15 20:00,88.37,19.992,0
2018-04-15 21:00,88.37,20.03,0
2018-04-15 22:00,88.37,19.419,0
2018-04-15 23:00,88.37,17.634,0
2018-04-16 0:00,88.41,15.309,0
2018-04-16 1:00,85.5,14.079,0
2018-04-16 2:00,85.61,13.336,0
2018-04-16 3:00,85.76,13.024,0
2018-04-16 4:00,86.93,12.352,0
2018-04-16 5:00,88.01,12.907,0
2018-04-16 6:00,89.92,14.999,4.869
2018-04-16 7:00,89.82,16.025,33.916
2018-04-16 8:00,94.18,16.124,72.629
2018-04-16 9:00,94.18,13.015,107.943
2018-04-16 10:00,94.18,10.612,135.134
2018-04-16 11:00,93.23,10.564,152.345
2018-04-16 12:00,90.41,11.027,159.721
2018-04-16 13:00,92.96,10.167,154.925
2018-04-16 14:00,93.83,9.837,141.281
2018-04-16 15:00,92.94,9.713,116.597
2018-04-16 16:00,93.63,10.226,80.704
2018-04-16 17:00,93.83,11.955,42.449
2018-04-16 18:00,93.93,13.529,10.655
2018-04-16 19:00,93.93,16.942,0
2018-04-16 20:00,93.93,18.591,0
2018-04-16 21:00,92.98,19.163,0
2018-04-16 22:00,92.77,19.481,0
2018-04-16 23:00,91.96,17.452,0
2018-04-17 0:00,88.56,15.506,0
2018-04-17 1:00,88.59,14.582,0
2018-04-17 2:00,88.85,13.397,0
2018-04-17 3:00,89.11,13.156,0
2018-04-17 4:00,89.11,12.978,0
2018-04-17 5:00,89.11,13.501,0
2018-04-17 6:00,92.16,13.154,4.652
2018-04-17 7:00,93.57,14.435,28.854
2018-04-17 8:00,93.55,13.871,66.241
2018-04-17 9:00,93.52,11.912,102.881
2018-04-17 10:00,93.48,10.072,130.434
2018-04-17 11:00,93.37,10.611,146.632
2018-04-17 12:00,90.75,10.216,151.019
2018-04-17 13:00,93.32,9.925,149.742
2018-04-17 14:00,94.83,9.519,136.605
2018-04-17 15:00,94.83,9.221,111.656
2018-04-17 16:00,94.83,10.086,79.499
2018-04-17 17:00,94.83,11.436,41.606
2018-04-17 18:00,93.34,14.974,9.522
2018-04-17 19:00,93.38,16.637,0
2018-04-17 20:00,93.09,17.9,0
2018-04-17 21:00,92.98,18.456,0
2018-04-17 22:00,92.62,18.2,0
2018-04-17 23:00,91.95,17.088,0
2018-04-18 0:00,88.33,15.75,0
2018-04-18 1:00,87.75,14.603,0
2018-04-18 2:00,87.7,13.448,0
2018-04-18 3:00,87.71,12.71,0
2018-04-18 4:00,89.58,12.873,0
2018-04-18 5:00,89.58,13.298,0
2018-04-18 6:00,90.4,14.212,4.845
2018-04-18 7:00,91.94,16.127,34.254
2018-04-18 8:00,93.46,14.381,72.412
2018-04-18 9:00,93.43,11.999,108.209
2018-04-18 10:00,93.41,10.636,134.941
2018-04-18 11:00,93.37,10.43,150.296
2018-04-18 12:00,90.66,10.516,156.708
2018-04-18 13:00,92.99,11.027,153.02
2018-04-18 14:00,93.28,10.843,132.724
2018-04-18 15:00,93.49,10.105,110.065
2018-04-18 16:00,93.59,10.627,77.33
2018-04-18 17:00,93.6,12.111,38.544
2018-04-18 18:00,93.39,15.612,8.34
2018-04-18 19:00,93.61,18.117,0
2018-04-18 20:00,93.07,18.422,0
2018-04-18 21:00,92.64,20.397,0
2018-04-18 22:00,91.89,17.892,0
2018-04-18 23:00,91.91,17.385,0
2018-04-19 0:00,88.19,15.681,0
2018-04-19 1:00,88.45,14.05,0
2018-04-19 2:00,87.77,13.801,0
2018-04-19 3:00,87.63,13.33,0
2018-04-19 4:00,87.77,13.087,0
2018-04-19 5:00,88.03,13.569,0
2018-04-19 6:00,89.17,15.262,4.917
2018-04-19 7:00,92.37,16.187,30.614
2018-04-19 8:00,94.12,13.768,66.916
2018-04-19 9:00,94.1,12.547,99.989
2018-04-19 10:00,94.07,11.754,122.407
2018-04-19 11:00,92.69,10.888,136.484
2018-04-19 12:00,88.61,11.141,140.341
2018-04-19 13:00,92.69,9.899,134.556
2018-04-19 14:00,92.85,9.826,121.081
2018-04-19 15:00,93.18,9.732,95.698
2018-04-19 16:00,93.69,9.768,66.892
2018-04-19 17:00,93.7,10.681,34.471
2018-04-19 18:00,93.71,13.728,7.111
2018-04-19 19:00,93.72,17.22,0
2018-04-19 20:00,93.33,18.216,0
2018-04-19 21:00,92.33,18.867,0
2018-04-19 22:00,92.01,18.505,0
2018-04-19 23:00,92.02,17.368,0
2018-04-20 0:00,88.36,15.057,0
2018-04-20 1:00,87.96,14.544,0
2018-04-20 2:00,88.02,13.401,0
2018-04-20 3:00,88.02,12.735,0
2018-04-20 4:00,89.07,12.666,0
2018-04-20 5:00,89.36,12.715,0
2018-04-20 6:00,89.11,14.456,4.098
2018-04-20 7:00,92.36,16.056,26.612
2018-04-20 8:00,92.6,13.9,59.805
2018-04-20 9:00,92.52,11.937,93.625
2018-04-20 10:00,92.38,10.749,121.201
2018-04-20 11:00,92.3,10.808,139.087
2018-04-20 12:00,88.69,11.847,139.136
2018-04-20 13:00,92.16,11.84,134.194
2018-04-20 14:00,92.69,10.745,122.961
2018-04-20 15:00,92.69,10.769,101.555
2018-04-20 16:00,93.58,11.084,70.677
2018-04-20 17:00,93.6,12.855,36.664
2018-04-20 18:00,93.63,15.099,8.413
2018-04-20 19:00,93.7,17.702,0
2018-04-20 20:00,93.39,18.41,0
2018-04-20 21:00,92.55,17.681,0
2018-04-20 22:00,92.6,16.521,0
2018-04-20 23:00,92.12,16.491,0
2018-04-21 0:00,88.34,16.205,0
2018-04-21 1:00,88.35,14.537,0
2018-04-21 2:00,88.31,13.133,0
2018-04-21 3:00,88.53,12.659,0
2018-04-21 4:00,88.53,12.262,0
2018-04-21 5:00,88.82,12.112,0
2018-04-21 6:00,88.94,13.105,5.52
2018-04-21 7:00,88.43,14.018,34.157
2018-04-21 8:00,88.93,14.296,70.46
2018-04-21 9:00,88.92,13.684,98.904
2018-04-21 10:00,88.92,14.019,132.025
2018-04-21 11:00,88.92,13.84,145.114
2018-04-21 12:00,88.68,13.772,148.44
2018-04-21 13:00,88.92,13.498,148.392
2018-04-21 14:00,88.92,13.593,138.75
2018-04-21 15:00,88.92,14.017,116.019
2018-04-21 16:00,88.92,12.158,80.536
2018-04-21 17:00,88.7,12.516,46.33
2018-04-21 18:00,88.93,15.163,10.269
2018-04-21 19:00,88.93,16.996,0
2018-04-21 20:00,88.94,17.358,0
2018-04-21 21:00,88.94,18.322,0
2018-04-21 22:00,88.94,17.93,0
2018-04-21 23:00,88.94,16.684,0
2018-04-22 0:00,87.47,15.135,0
2018-04-22 1:00,86.47,14.462,0
2018-04-22 2:00,86.49,13.507,0
2018-04-22 3:00,86.49,13.132,0
2018-04-22 4:00,86.62,12.818,0
2018-04-22 5:00,86.62,12.895,0
2018-04-22 6:00,86.62,12.652,1.639
2018-04-22 7:00,86.49,13.992,8.871
2018-04-22 8:00,86.21,15.03,12.053
2018-04-22 9:00,85.7,14.542,22.321
2018-04-22 10:00,85.61,14.715,21.695
2018-04-22 11:00,85.56,14.127,37.893
2018-04-22 12:00,85.51,14.084,36.086
2018-04-22 13:00,85.51,13.236,34.302
2018-04-22 14:00,85.51,12.402,18.103
2018-04-22 15:00,86.45,13.767,10.944
2018-04-22 16:00,86.58,15.488,4.652
2018-04-22 17:00,87.52,16.943,2.097
2018-04-22 18:00,88.06,18.109,0.048
2018-04-22 19:00,88.76,18.343,0
2018-04-22 20:00,88.76,18.67,0
2018-04-22 21:00,88.76,19.005,0
2018-04-22 22:00,88.68,18.251,0
2018-04-22 23:00,88.38,18.307,0
2018-04-23 0:00,87.52,15.384,0
2018-04-23 1:00,87.52,14.184,0
2018-04-23 2:00,86.04,13.748,0
2018-04-23 3:00,86.04,13.315,0
2018-04-23 4:00,86.51,13.837,0
2018-04-23 5:00,88.25,14.08,0
2018-04-23 6:00,88.25,15.606,0
2018-04-23 7:00,90.14,17.817,0
2018-04-23 8:00,93.78,15.152,1.856
2018-04-23 9:00,93.78,12.962,8.172
2018-04-23 10:00,93.78,11.209,10.076
2018-04-23 11:00,93.59,11.415,14.27
2018-04-23 12:00,88.78,12.221,17.549
2018-04-23 13:00,93.19,12.864,17.766
2018-04-23 14:00,93.33,12.753,11.691
2018-04-23 15:00,92.92,13.334,8.148
2018-04-23 16:00,95.76,13.782,2.724
2018-04-23 17:00,95.76,14.627,1.88
2018-04-23 18:00,95.94,16.501,0.072
2018-04-23 19:00,95.94,19.056,0
2018-04-23 20:00,95.06,19.798,0
2018-04-23 21:00,92.89,19.082,0
2018-04-23 22:00,92.82,19.232,0
2018-04-23 23:00,92.79,17.556,0
2018-04-24 0:00,89.59,16.445,0
2018-04-24 1:00,87.74,14.215,0
2018-04-24 2:00,87.72,12.902,0
2018-04-24 3:00,87.72,12.709,0
2018-04-24 4:00,87.74,12.404,0
2018-04-24 5:00,87.99,12.749,0
2018-04-24 6:00,91.7,13.015,0.579
2018-04-24 7:00,92.29,15.005,14.343
2018-04-24 8:00,93.47,13.238,45.149
2018-04-24 9:00,93.47,14.715,41.485
2018-04-24 10:00,93.45,12.036,49.705
2018-04-24 11:00,93.44,11.513,71.593
2018-04-24 12:00,88.56,10.84,81.789
2018-04-24 13:00,92.89,10.871,72.991
2018-04-24 14:00,94.3,10.085,37.58
2018-04-24 15:00,94.3,9.869,24.419
2018-04-24 16:00,95.74,11.567,37.146
2018-04-24 17:00,95.92,12.361,32.397
2018-04-24 18:00,95.92,16.195,4.917
2018-04-24 19:00,96.01,18.239,0
2018-04-24 20:00,95.83,19.824,0
2018-04-24 21:00,93.24,19.898,0
2018-04-24 22:00,92.96,18.931,0
2018-04-24 23:00,92.78,16.776,0
2018-04-25 0:00,88.5,15.54,0
2018-04-25 1:00,88.5,14.263,0
2018-04-25 2:00,88.5,13.258,0
2018-04-25 3:00,88.75,12.578,0
2018-04-25 4:00,89.01,12.975,0
2018-04-25 5:00,89.01,12.951,0
2018-04-25 6:00,90.45,13.348,6.605
2018-04-25 7:00,92.44,15.066,34.422
2018-04-25 8:00,93.2,14.399,70.46
2018-04-25 9:00,93.2,12.166,102.447
2018-04-25 10:00,93.19,10.884,126.143
2018-04-25 11:00,93.17,10.866,142.317
2018-04-25 12:00,88.81,11.111,148.802
2018-04-25 13:00,93.01,10.082,147.114
2018-04-25 14:00,93.54,9.631,135.327
2018-04-25 15:00,94.6,10.121,111.222
2018-04-25 16:00,96.06,10.769,79.74
2018-04-25 17:00,96.28,10.708,43.124
2018-04-25 18:00,96.35,13.07,10.365
2018-04-25 19:00,96.57,17.175,0.024
2018-04-25 20:00,96.35,17.124,0
2018-04-25 21:00,93.28,16.877,0
2018-04-25 22:00,92.86,17.434,0
2018-04-25 23:00,92.56,16.993,0
2018-04-26 0:00,88.54,16.015,0
2018-04-26 1:00,88.35,13.93,0
2018-04-26 2:00,88.61,12.629,0
2018-04-26 3:00,87.8,13.073,0
2018-04-26 4:00,89.12,12.645,0
2018-04-26 5:00,89.12,12.681,0
2018-04-26 6:00,90.4,14.392,6.605
2018-04-26 7:00,92.03,14.949,24.78
2018-04-26 8:00,96.19,13.211,67.157
2018-04-26 9:00,96.01,12.381,103.773
2018-04-26 10:00,95.74,10.662,88.563
2018-04-26 11:00,95.65,11.264,117.778
2018-04-26 12:00,93.76,10.553,126.577
2018-04-26 13:00,93.91,10.024,138.244
2018-04-26 14:00,95.34,9.945,122.527
2018-04-26 15:00,95.75,9.457,95.65
2018-04-26 16:00,95.88,9.61,71.761
2018-04-26 17:00,96.13,10.611,36.664
2018-04-26 18:00,96.25,13.206,11.884
2018-04-26 19:00,96.5,17.803,0.024
2018-04-26 20:00,93.35,18.028,0
2018-04-26 21:00,92.98,17.802,0
2018-04-26 22:00,92.98,17.799,0
2018-04-26 23:00,92.53,16.669,0
2018-04-27 0:00,88.33,15.372,0
2018-04-27 1:00,87.91,13.25,0
2018-04-27 2:00,87.8,12.6,0
2018-04-27 3:00,87.8,12.848,0
2018-04-27 4:00,87.81,12.514,0
2018-04-27 5:00,89.28,12.744,0
2018-04-27 6:00,89.21,12.698,4.267
2018-04-27 7:00,92.42,14.91,23.864
2018-04-27 8:00,93.23,12.905,59.323
2018-04-27 9:00,93.79,11.194,84.875
2018-04-27 10:00,93.78,11.499,113.849
2018-04-27 11:00,93.72,11.002,131.422
2018-04-27 12:00,88.8,11.363,136.701
2018-04-27 13:00,93.1,10.249,133.157
2018-04-27 14:00,93.46,10.156,121.008
2018-04-27 15:00,93.3,9.718,99.627
2018-04-27 16:00,93.47,10.427,71.207
2018-04-27 17:00,93.47,11.017,38.93
2018-04-27 18:00,93.3,13.557,10.655
2018-04-27 19:00,93.5,16.545,0.048
2018-04-27 20:00,93.18,16.445,0
2018-04-27 21:00,93.1,17.899,0
2018-04-27 22:00,92.33,17.891,0
2018-04-27 23:00,92.06,16.422,0
2018-04-28 0:00,88.79,15.35,0
2018-04-28 1:00,87.62,13.58,0
2018-04-28 2:00,87.45,13.085,0
2018-04-28 3:00,87.46,12.392,0
2018-04-28 4:00,87.46,11.911,0
2018-04-28 5:00,87.46,12.378,0
2018-04-28 6:00,88.35,11.82,7.183
2018-04-28 7:00,88.3,14.455,35.314
2018-04-28 8:00,89.06,14.121,74.268
2018-04-28 9:00,89.05,14.142,110.474
2018-04-28 10:00,89.05,13.363,136.219
2018-04-28 11:00,89.05,12.44,149.356
2018-04-28 12:00,88.44,11.512,153.309
2018-04-28 13:00,89.04,11.725,149.236
2018-04-28 14:00,89.04,12.435,126.071
2018-04-28 15:00,89.04,12.044,116.766
2018-04-28 16:00,89.04,13.028,82.994
2018-04-28 17:00,89.05,13.498,46.354
2018-04-28 18:00,89.05,14.204,12.366
2018-04-28 19:00,89.17,14.799,0.096
2018-04-28 20:00,89.3,16.214,0
2018-04-28 21:00,89.43,17.17,0
2018-04-28 22:00,89.49,17.378,0
2018-04-28 23:00,89.49,16.498,0
2018-05-01 0:00,86.65,15.332,0
2018-05-01 1:00,85.89,14.161,0
2018-05-01 2:00,85.77,13.419,0
2018-05-01 3:00,85.76,13.187,0
2018-05-01 4:00,85.77,13.062,0
2018-05-01 5:00,86.33,13.559,0
2018-05-01 6:00,87.27,13.47,3.447
2018-05-01 7:00,87.03,15.104,15.066
2018-05-01 8:00,87.22,13.423,40.497
2018-05-01 9:00,87.24,12.409,68.676
2018-05-01 10:00,87.24,11.817,31.072
2018-05-01 11:00,87.24,12.62,38.93
2018-05-01 12:00,87.02,11.366,79.258
2018-05-01 13:00,87.34,11.654,79.21
2018-05-01 14:00,87.43,11.444,68.483
2018-05-01 15:00,87.43,11.374,41.991
2018-05-01 16:00,87.6,12.037,22.514
2018-05-01 17:00,87.6,13.714,14.415
2018-05-01 18:00,89.3,15.659,5.882
2018-05-01 19:00,89.3,19.384,0
2018-05-01 20:00,89.3,17.912,0
2018-05-01 21:00,89.3,18.36,0
2018-05-01 22:00,88.28,17.107,0
2018-05-01 23:00,88.28,16.124,0
2018-05-02 0:00,86.91,14.55,0
2018-05-02 1:00,86.93,13.179,0
2018-05-02 2:00,85.7,11.94,0
2018-05-02 3:00,85.7,11.61,0
2018-05-02 4:00,86.82,11.8,0
2018-05-02 5:00,87.05,12.084,0
2018-05-02 6:00,87.08,14.07,0.024
2018-05-02 7:00,89,15.818,0
2018-05-02 8:00,91.29,14.033,0.579
2018-05-02 9:00,91.52,12.501,3.375
2018-05-02 10:00,91.47,11.856,15.5
2018-05-02 11:00,91.38,13.065,33.747
2018-05-02 12:00,90.45,12.449,24.105
2018-05-02 13:00,91.29,12.847,17.356
2018-05-02 14:00,91.33,12.48,3.592
2018-05-02 15:00,92.19,12.095,16.946
2018-05-02 16:00,92.19,13.234,19.429
2018-05-02 17:00,92.19,14.497,2.965
2018-05-02 18:00,92.33,15.162,0.048
2018-05-02 19:00,92.33,17.492,0
2018-05-02 20:00,91.29,17.409,0
2018-05-02 21:00,90.92,17.901,0
2018-05-02 22:00,90.81,17.278,0
2018-05-02 23:00,90.81,16.315,0
2018-05-03 0:00,85.12,14.17,0
2018-05-03 1:00,84.36,13.765,0
2018-05-03 2:00,84.03,12.967,0
2018-05-03 3:00,84,12.496,0
2018-05-03 4:00,85.63,12.95,0
2018-05-03 5:00,85.63,12.214,0
2018-05-03 6:00,86.12,12.768,7.979
2018-05-03 7:00,86.59,14.134,37.942
2018-05-03 8:00,89.99,13.404,77.715
2018-05-03 9:00,90.37,11.729,113.801
2018-05-03 10:00,90.34,10.756,137.665
2018-05-03 11:00,89.23,9.766,112.62
2018-05-03 12:00,85.97,9.614,132.025
2018-05-03 13:00,90.01,9.715,92.154
2018-05-03 14:00,90.2,10.523,53.273
2018-05-03 15:00,89.9,10.195,68.459
2018-05-03 16:00,90.73,11.223,33.458
2018-05-03 17:00,90.73,11.882,28.709
2018-05-03 18:00,90.98,13.585,11.498
2018-05-03 19:00,90.98,16.14,0.362
2018-05-03 20:00,89.9,16.733,0
2018-05-03 21:00,89.33,18.02,0
2018-05-03 22:00,89.34,17.52,0
2018-05-03 23:00,87.84,15.062,0
2018-05-04 0:00,85.4,14.465,0
2018-05-04 1:00,85.4,13.045,0
2018-05-04 2:00,84.1,12.815,0
2018-05-04 3:00,83.8,12.152,0
2018-05-04 4:00,84.13,12.068,0
2018-05-04 5:00,85.58,12.094,0
2018-05-04 6:00,85.63,12.992,8.099
2018-05-04 7:00,88.84,13.829,40.641
2018-05-04 8:00,89.7,12.51,81.187
2018-05-04 9:00,90.39,11.032,114.138
2018-05-04 10:00,90.37,10.801,140.148
2018-05-04 11:00,90.36,10.461,155.479
2018-05-04 12:00,85.95,10.185,162.18
2018-05-04 13:00,90.34,10.877,158.203
2018-05-04 14:00,90.36,10.49,143.45
2018-05-04 15:00,90.32,11.351,120.213
2018-05-04 16:00,91.04,11.482,87.502
2018-05-04 17:00,91.02,12.147,48.91
2018-05-04 18:00,90.93,12.591,11.354
2018-05-04 19:00,91.06,15.995,0.169
2018-05-04 20:00,90.38,16.575,0
2018-05-04 21:00,89.43,16.974,0
2018-05-04 22:00,89.1,16.27,0
2018-05-04 23:00,89.1,16.759,0
2018-05-05 0:00,85.5,15.827,0
2018-05-05 1:00,85.5,15.075,0
2018-05-05 2:00,84.6,13.934,0
2018-05-05 3:00,84.6,13.513,0
2018-05-05 4:00,84.73,13.354,0
2018-05-05 5:00,84.73,12.506,0
2018-05-05 6:00,86.04,12.125,8.581
2018-05-05 7:00,85.79,12.678,35.17
2018-05-05 8:00,85.39,12.871,68.772
2018-05-05 9:00,85.11,12.579,97.12
2018-05-05 10:00,85.1,11.944,121.057
2018-05-05 11:00,85.1,12.517,127.107
2018-05-05 12:00,83.56,12.84,107.992
2018-05-05 13:00,85.1,12.534,129.638
2018-05-05 14:00,85.1,12.003,118.935
2018-05-05 15:00,85.1,12.146,76.124
2018-05-05 16:00,86.29,12.342,92.998
2018-05-05 17:00,86.29,12.328,31.24
2018-05-05 18:00,86.29,13.276,12.245
2018-05-05 19:00,86.3,17.171,0
2018-05-05 20:00,86.3,15.613,0
2018-05-05 21:00,86.3,15.954,0
2018-05-05 22:00,85.79,15.789,0
2018-05-05 23:00,85.84,16.606,0
2018-05-06 0:00,83.05,15.809,0
2018-05-06 1:00,83.02,14.055,0
2018-05-06 2:00,81.1,13.637,0
2018-05-06 3:00,81.1,12.806,0
2018-05-06 4:00,81.1,12.262,0
2018-05-06 5:00,81.1,12.276,0
2018-05-06 6:00,81.1,13.013,0
2018-05-06 7:00,81.1,13.401,0.096
2018-05-06 8:00,80.82,13.987,9.112
2018-05-06 9:00,80.78,15.378,11.281
2018-05-06 10:00,80.82,12.796,20.273
2018-05-06 11:00,80.79,12.88,21.285
2018-05-06 12:00,80.15,13.5,43.606
2018-05-06 13:00,80.38,13.193,46.451
2018-05-06 14:00,80.41,12.875,52.019
2018-05-06 15:00,80.81,12.617,103.146
2018-05-06 16:00,81.2,13.06,64.144
2018-05-06 17:00,83.88,13.456,44.595
2018-05-06 18:00,84.72,14.99,10.871
2018-05-06 19:00,84.72,16.144,0.121
2018-05-06 20:00,84.72,18.671,0
2018-05-06 21:00,84.72,19.42,0
2018-05-06 22:00,84.32,18.205,0
2018-05-06 23:00,84.32,17.281,0
2018-05-07 0:00,83.43,16.459,0
2018-05-07 1:00,78.81,15.255,0
2018-05-07 2:00,72.91,13.726,0
2018-05-07 3:00,67.28,12.92,0
2018-05-07 4:00,67.28,12.277,0
2018-05-07 5:00,67.28,12.226,0
2018-05-07 6:00,81.01,13.556,2.386
2018-05-07 7:00,83.32,14.052,13.186
2018-05-07 8:00,84.24,14.007,32.518
2018-05-07 9:00,85.18,13.822,46.33
2018-05-07 10:00,85.18,14.555,101.122
2018-05-07 11:00,85.16,13.72,110.981
2018-05-07 12:00,84.56,12.432,116.404
2018-05-07 13:00,85.16,12.497,90.009
2018-05-07 14:00,85.16,12.7,85.791
2018-05-07 15:00,85.16,13.029,62.119
2018-05-07 16:00,85.16,13.598,80.367
2018-05-07 17:00,86.5,13.389,47.415
2018-05-07 18:00,87.41,14.244,14.15
2018-05-07 19:00,87.41,15.53,0.41
2018-05-07 20:00,87.41,17.549,0
2018-05-07 21:00,87.41,18.606,0
2018-05-07 22:00,85.18,18.362,0
2018-05-07 23:00,85.15,16.65,0
2018-05-08 0:00,84.23,15.587,0
2018-05-08 1:00,83.13,13.902,0
2018-05-08 2:00,81.74,13.429,0
2018-05-08 3:00,81.46,11.9,0
2018-05-08 4:00,80.15,12.3,0
2018-05-08 5:00,81.46,12.395,0
2018-05-08 6:00,84.8,12.871,10.028
2018-05-08 7:00,87.47,16.269,41.389
2018-05-08 8:00,89.04,13.081,75.642
2018-05-08 9:00,89.9,12.835,105.726
2018-05-08 10:00,89.9,11.774,121.9
2018-05-08 11:00,90.08,10.494,140.799
2018-05-08 12:00,88.42,11.246,109.727
2018-05-08 13:00,91.02,10.499,105.653
2018-05-08 14:00,91.13,10.157,108.16
2018-05-08 15:00,91.13,10.267,104.545
2018-05-08 16:00,91.13,10.585,49.826
2018-05-08 17:00,91.04,12.1,28.661
2018-05-08 18:00,89.9,12.951,11.546
2018-05-08 19:00,89.9,15.706,0.169
2018-05-08 20:00,89.9,17.538,0
2018-05-08 21:00,89.56,18.113,0
2018-05-08 22:00,86.72,17.071,0
2018-05-08 23:00,86.72,16.232,0
2018-05-09 0:00,85.78,14.545,0
2018-05-09 1:00,85.83,13.749,0
2018-05-09 2:00,85.89,13.035,0
2018-05-09 3:00,85.94,12.464,0
2018-05-09 4:00,85.94,12.242,0
2018-05-09 5:00,86.46,13.001,0.048
2018-05-09 6:00,86.46,13.744,10.1
2018-05-09 7:00,88.84,16.161,41.075
2018-05-09 8:00,90.15,14.118,77.45
2018-05-09 9:00,90.13,12.309,108.618
2018-05-09 10:00,90.12,10.895,132.169
2018-05-09 11:00,90.1,10.963,146.271
2018-05-09 12:00,87.62,10.311,151.381
2018-05-09 13:00,90.21,10.609,148.657
2018-05-09 14:00,90.47,10.077,137.279
2018-05-09 15:00,90.47,9.973,115.151
2018-05-09 16:00,91.99,10.111,83.742
2018-05-09 17:00,91.99,11.026,48.452
2018-05-09 18:00,91.99,13.697,14.463
2018-05-09 19:00,91.99,16.63,0.313
2018-05-09 20:00,91.42,18.219,0
2018-05-09 21:00,90.25,18.34,0
2018-05-09 22:00,89.36,18.527,0
2018-05-09 23:00,89.31,16.414,0
2018-05-10 0:00,86.3,14.383,0
2018-05-10 1:00,85.89,13.679,0
2018-05-10 2:00,85.94,13.047,0
2018-05-10 3:00,85.99,12.645,0
2018-05-10 4:00,85.99,12.893,0
2018-05-10 5:00,86.05,13.895,0.048
2018-05-10 6:00,86.34,15.138,11.185
2018-05-10 7:00,89.7,15.456,40.931
2018-05-10 8:00,90.34,13.593,77.715
2018-05-10 9:00,90.48,11.669,109.679
2018-05-10 10:00,90.46,11.073,135.231
2018-05-10 11:00,90.45,10.761,149.718
2018-05-10 12:00,88.04,10.398,153.237
2018-05-10 13:00,90.43,10.276,109.39
2018-05-10 14:00,91.96,10.31,136.002
2018-05-10 15:00,91.96,10.406,110.041
2018-05-10 16:00,91.96,10.724,71.858
2018-05-10 17:00,91.97,11.756,36.158
2018-05-10 18:00,91.41,13.46,6.846
2018-05-10 19:00,91.42,16.281,0
2018-05-10 20:00,90.31,16.825,0
2018-05-10 21:00,89.57,17.682,0
2018-05-10 22:00,89.8,17.496,0
2018-05-10 23:00,89.29,16.113,0
2018-05-11 0:00,85.32,14.477,0
2018-05-11 1:00,84.94,13.481,0
2018-05-11 2:00,84.83,12.994,0
2018-05-11 3:00,84.35,13.214,0
2018-05-11 4:00,84.91,12.788,0
2018-05-11 5:00,85.42,12.898,0
2018-05-11 6:00,85.56,13.945,0.048
2018-05-11 7:00,89.37,15.514,2.531
2018-05-11 8:00,89.66,14.324,10.751
2018-05-11 9:00,89.8,12.569,58.238
2018-05-11 10:00,89.92,11.443,113.68
2018-05-11 11:00,89.66,11.008,103.556
2018-05-11 12:00,85.87,10.537,120.261
2018-05-11 13:00,89.69,9.875,120.767
2018-05-11 14:00,90.7,10.631,71.52
2018-05-11 15:00,90.7,10.349,47.897
2018-05-11 16:00,90.7,10.813,44.691
2018-05-11 17:00,90.71,11.443,11.956
2018-05-11 18:00,90.71,13.901,1.639
2018-05-11 19:00,90.72,16.904,0
2018-05-11 20:00,90.01,17.686,0
2018-05-11 21:00,89.33,17.046,0
2018-05-11 22:00,89.34,17.049,0
2018-05-11 23:00,87.83,16.341,0
2018-05-12 0:00,87.97,15.982,0
2018-05-12 1:00,85.72,15.105,0
2018-05-12 2:00,85.68,13.424,0
2018-05-12 3:00,84.86,13.272,0
2018-05-12 4:00,84.86,13.71,0
2018-05-12 5:00,85.6,12.706,0
2018-05-12 6:00,86.34,12.651,0
2018-05-12 7:00,86.33,14.536,2.145
2018-05-12 8:00,89.17,15.26,5.351
2018-05-12 9:00,89.16,15.906,5.713
2018-05-12 10:00,89.16,14.298,5.472
2018-05-12 11:00,88.69,14.431,4.17
2018-05-12 12:00,85.34,14.048,3.134
2018-05-12 13:00,86.32,13.816,3.085
2018-05-12 14:00,86.32,13.856,4.146
2018-05-12 15:00,86.32,13.878,4.725
2018-05-12 16:00,86.32,13.859,0.94
2018-05-12 17:00,86.32,14.789,0
2018-05-12 18:00,89.82,15.691,0
2018-05-12 19:00,90.68,16.808,0
2018-05-12 20:00,90.68,17.699,0
2018-05-12 21:00,90.68,17.097,0
2018-05-12 22:00,89.47,17.946,0
2018-05-12 23:00,87.05,16.936,0
2018-05-13 0:00,83.92,14.853,0
2018-05-13 1:00,83.24,13.808,0
2018-05-13 2:00,82.83,12.924,0
2018-05-13 3:00,82.83,12.709,0
2018-05-13 4:00,82.83,12.016,0
2018-05-13 5:00,82.83,11.085,0
2018-05-13 6:00,82.83,11.71,7.376
2018-05-13 7:00,82.8,13.302,19.742
2018-05-13 8:00,81.32,13.954,41.726
2018-05-13 9:00,81.32,13.667,53.972
2018-05-13 10:00,81.32,13.414,83.067
2018-05-13 11:00,81.19,13.036,92.95
2018-05-13 12:00,80.55,13.559,103.122
2018-05-13 13:00,80.7,12.853,100.76
2018-05-13 14:00,83.51,12.564,109.125
2018-05-13 15:00,83.51,13.472,73.593
2018-05-13 16:00,83.95,13.553,71.665
2018-05-13 17:00,85.93,13.742,41.196
2018-05-13 18:00,87.7,14.886,8.557
2018-05-13 19:00,87.81,16.706,0
2018-05-13 20:00,87.97,18.011,0
2018-05-13 21:00,88.02,17.346,0
2018-05-13 22:00,86.84,17.305,0
2018-05-13 23:00,85.57,17.847,0
2018-05-14 0:00,81.81,16.687,0
2018-05-14 1:00,73.05,14.536,0
2018-05-14 2:00,67.24,13.826,0
2018-05-14 3:00,67.02,13.362,0
2018-05-14 4:00,79.72,13.34,0
2018-05-14 5:00,81.99,12.873,0
2018-05-14 6:00,85.07,13.642,1.832
2018-05-14 7:00,86.42,15.035,10.606
2018-05-14 8:00,92.01,13.735,20.031
2018-05-14 9:00,92.01,12.261,30.421
2018-05-14 10:00,92.01,11.712,47.391
2018-05-14 11:00,92.01,11.273,72.147
2018-05-14 12:00,90.93,11.107,115.874
2018-05-14 13:00,91.22,10.671,119.996
2018-05-14 14:00,92.17,9.779,102.64
2018-05-14 15:00,92.17,10.481,94.011
2018-05-14 16:00,92.17,10.845,67.856
2018-05-14 17:00,92.17,11.746,38.183
2018-05-14 18:00,92.03,12.656,12.872
2018-05-14 19:00,92.03,17.129,0.482
2018-05-14 20:00,90.44,18.001,0
2018-05-14 21:00,89.32,18.415,0
2018-05-14 22:00,89.26,17.937,0
2018-05-14 23:00,88.9,16.419,0
2018-05-15 0:00,85.12,14.971,0
2018-05-15 1:00,85.13,13.692,0
2018-05-15 2:00,84.42,12.456,0
2018-05-15 3:00,84.26,11.514,0
2018-05-15 4:00,84.42,11.943,0
2018-05-15 5:00,85.24,12.285,0
2018-05-15 6:00,86.65,14.333,9.401
2018-05-15 7:00,89.61,14.981,37.194
2018-05-15 8:00,91.05,12.898,67.856
2018-05-15 9:00,91.04,12.226,98.88
2018-05-15 10:00,91.02,11.691,110.474
2018-05-15 11:00,91,11.087,133.085
2018-05-15 12:00,86.41,10.813,140.317
2018-05-15 13:00,93.83,10.228,133.736
2018-05-15 14:00,93.62,10.418,89.069
2018-05-15 15:00,93.62,10.307,68.724
2018-05-15 16:00,93.83,10.629,41.124
2018-05-15 17:00,91.85,12.639,11.209
2018-05-15 18:00,91.53,15.053,2.579
2018-05-15 19:00,91.95,16.029,0
2018-05-15 20:00,90.69,18.66,0
2018-05-15 21:00,89.56,16.93,0
2018-05-15 22:00,87.88,16.976,0
2018-05-15 23:00,87.65,15.406,0
2018-05-16 0:00,86.03,14.328,0
2018-05-16 1:00,84.45,12.476,0
2018-05-16 2:00,83.75,11.43,0
2018-05-16 3:00,83.75,11.106,0
2018-05-16 4:00,83.89,11.555,0
2018-05-16 5:00,84.07,12.335,0
2018-05-16 6:00,85.47,12.741,0
2018-05-16 7:00,89.56,15.283,0
2018-05-16 8:00,93.47,16.208,0.627
2018-05-16 9:00,93.47,14.856,3.809
2018-05-16 10:00,93.47,13.107,24.395
2018-05-16 11:00,93.47,12.139,22.804
2018-05-16 12:00,86.4,12.64,0.747
2018-05-16 13:00,91.15,11.983,8.148
2018-05-16 14:00,93.89,12.498,6.484
2018-05-16 15:00,93.89,12.427,8.533
2018-05-16 16:00,93.89,12.295,6.171
2018-05-16 17:00,94.02,13.837,1.495
2018-05-16 18:00,94.02,16.187,0
2018-05-16 19:00,94.33,17.842,0
2018-05-16 20:00,93.22,17.572,0
2018-05-16 21:00,90.59,18.204,0
2018-05-16 22:00,90.12,16.867,0
2018-05-16 23:00,89.35,16.945,0
2018-05-17 0:00,85.13,14.272,0
2018-05-17 1:00,84.21,12.808,0
2018-05-17 2:00,84.31,12.657,0
2018-05-17 3:00,83.6,12.356,0
2018-05-17 4:00,83.66,11.523,0
2018-05-17 5:00,83.69,11.993,0
2018-05-17 6:00,85.86,13.186,0
2018-05-17 7:00,87.8,15.827,0.627
2018-05-17 8:00,90.32,14.929,0.072
2018-05-17 9:00,90.44,13.707,5.761
2018-05-17 10:00,90.44,12.489,10.486
2018-05-17 11:00,90.52,11.883,60.842
2018-05-17 12:00,87.97,12.084,12.583
2018-05-17 13:00,90.52,11.523,5.496
2018-05-17 14:00,94.36,12.412,8.967
2018-05-17 15:00,94.36,11.373,9.353
2018-05-17 16:00,94.36,12.386,2.411
2018-05-17 17:00,94.37,12.825,1.615
2018-05-17 18:00,93.88,15.98,0
2018-05-17 19:00,93.88,17.349,0
2018-05-17 20:00,90.83,17.935,0
2018-05-17 21:00,90.32,18.861,0
2018-05-17 22:00,89.45,17.62,0
2018-05-17 23:00,89.11,15.993,0
2018-05-18 0:00,84.74,14.906,0
2018-05-18 1:00,84.36,13.47,0
2018-05-18 2:00,83.64,12.195,0
2018-05-18 3:00,83.58,11.609,0
2018-05-18 4:00,83.64,11.468,0
2018-05-18 5:00,83.64,11.917,0
2018-05-18 6:00,84.56,13.345,0.121
2018-05-18 7:00,86.4,15.89,2.531
2018-05-18 8:00,89.35,14.535,11.137
2018-05-18 9:00,90.82,12.707,14.897
2018-05-18 10:00,90.87,11.3,12.414
2018-05-18 11:00,90.86,11.805,16.392
2018-05-18 12:00,88.82,11.375,32.229
2018-05-18 13:00,90.86,10.818,28.637
2018-05-18 14:00,93.52,10.127,41.63
2018-05-18 15:00,93.34,10.545,54.333
2018-05-18 16:00,93.34,11.134,55.008
2018-05-18 17:00,93.34,11.241,49.175
2018-05-18 18:00,91.53,12.398,19.019
2018-05-18 19:00,91.53,14.466,0.579
2018-05-18 20:00,90.36,16.477,0
2018-05-18 21:00,89.37,17.244,0
2018-05-18 22:00,88.94,16.562,0
2018-05-18 23:00,87.39,15.553,0
2018-05-19 0:00,82.92,13.696,0
2018-05-19 1:00,81.89,12.354,0
2018-05-19 2:00,82.34,11.851,0
2018-05-19 3:00,81.54,11.449,0
2018-05-19 4:00,82.25,11.691,0
2018-05-19 5:00,82.31,11.579,0.121
2018-05-19 6:00,82.27,12.223,12.438
2018-05-19 7:00,82.31,14.404,46.981
2018-05-19 8:00,84.3,13.791,85.067
2018-05-19 9:00,84.3,13.032,117.513
2018-05-19 10:00,84.3,12.161,142.028
2018-05-19 11:00,84.29,12.268,154.225
2018-05-19 12:00,83.53,11.892,157.624
2018-05-19 13:00,83.48,11.685,152.466
2018-05-19 14:00,83.39,11.027,139.594
2018-05-19 15:00,83.34,10.936,118.911
2018-05-19 16:00,83.94,10.321,88.346
2018-05-19 17:00,83.94,12.197,52.14
2018-05-19 18:00,83.94,12.745,17.187
2018-05-19 19:00,83.95,13.174,0.699
2018-05-19 20:00,83.95,15.964,0
2018-05-19 21:00,83.96,15.574,0
2018-05-19 22:00,83.96,16.12,0
2018-05-19 23:00,84.01,14.93,0
2018-05-20 0:00,72.73,14.622,0
2018-05-20 1:00,67.47,13.595,0
2018-05-20 2:00,67.47,12.103,0
2018-05-20 3:00,67.47,11.937,0
2018-05-20 4:00,67.47,11.364,0
2018-05-20 5:00,67.47,11.179,0.217
2018-05-20 6:00,67.47,11.391,8.075
2018-05-20 7:00,67.47,11.894,25.552
2018-05-20 8:00,67.47,12.691,45.077
2018-05-20 9:00,67.47,13.75,49.97
2018-05-20 10:00,67.47,13.122,80.584
2018-05-20 11:00,67.47,13.532,50.814
2018-05-20 12:00,66.54,13.737,64.433
2018-05-20 13:00,67.47,13.311,49.512
2018-05-20 14:00,67.47,12.599,68.941
2018-05-20 15:00,67.47,12.303,87.02
2018-05-20 16:00,67.47,13.133,79.162
2018-05-20 17:00,84.47,12.875,51.995
2018-05-20 18:00,73.37,12.739,17.838
2018-05-20 19:00,84.58,14.14,0.603
2018-05-20 20:00,84.78,15.869,0
2018-05-20 21:00,84.52,17.429,0
2018-05-20 22:00,81.93,18.821,0
2018-05-20 23:00,73.37,16.707,0
2018-05-21 0:00,67.19,14.612,0
2018-05-21 1:00,66.29,13.814,0
2018-05-21 2:00,63.23,12.732,0
2018-05-21 3:00,63.33,12.118,0
2018-05-21 4:00,67.19,11.544,0
2018-05-21 5:00,67.3,11.895,0.145
2018-05-21 6:00,78.86,13.382,13.282
2018-05-21 7:00,84.1,13.318,48.042
2018-05-21 8:00,85.99,12.571,85.863
2018-05-21 9:00,85.99,11.388,117.875
2018-05-21 10:00,85.99,10.313,136.388
2018-05-21 11:00,85.88,10.384,148.85
2018-05-21 12:00,84.21,10.21,144.294
2018-05-21 13:00,85.88,10.32,132.531
2018-05-21 14:00,89.36,10.269,99.531
2018-05-21 15:00,89.46,9.921,50.115
2018-05-21 16:00,90.67,10.142,46.162
2018-05-21 17:00,90.67,10.384,46.812
2018-05-21 18:00,89.65,13.411,15.235
2018-05-21 19:00,89.65,15.575,1.519
2018-05-21 20:00,85.99,18.24,0
2018-05-21 21:00,85.73,17.605,0
2018-05-21 22:00,85.61,16.36,0
2018-05-21 23:00,85.73,16.02,0
2018-05-22 0:00,83.57,14.739,0
2018-05-22 1:00,83.59,13.734,0
2018-05-22 2:00,82.98,12.339,0
2018-05-22 3:00,83.01,12.377,0
2018-05-22 4:00,83.01,12.695,0
2018-05-22 5:00,83.28,12.362,0.241
2018-05-22 6:00,84.09,12.631,13.161
2018-05-22 7:00,83.95,11.938,37.797
2018-05-22 8:00,85.26,12.728,47.343
2018-05-22 9:00,85.72,11.285,58.648
2018-05-22 10:00,87.65,11.646,78.414
2018-05-22 11:00,87.54,11.555,86.972
2018-05-22 12:00,87.54,10.713,52.598
2018-05-22 13:00,88.96,11.363,34.398
2018-05-22 14:00,88.96,11.715,19.815
2018-05-22 15:00,88.97,11.541,21.743
2018-05-22 16:00,89,11.693,10.534
2018-05-22 17:00,88.86,14.234,4.411
2018-05-22 18:00,88.51,15.656,1.302
2018-05-22 19:00,88.86,17.136,0
2018-05-22 20:00,88.1,17.075,0
2018-05-22 21:00,85.93,17.619,0
2018-05-22 22:00,85.21,16.443,0
2018-05-22 23:00,85.26,16.154,0
2018-05-23 0:00,81.46,14.848,0
2018-05-23 1:00,73.04,13.303,0
2018-05-23 2:00,66.78,12.567,0
2018-05-23 3:00,66.8,12.308,0
2018-05-23 4:00,67.25,11.746,0
2018-05-23 5:00,85.51,12.116,0.362
2018-05-23 6:00,85.54,13.706,13.499
2018-05-23 7:00,85.54,12.698,46.933
2018-05-23 8:00,89.67,12.936,83.669
2018-05-23 9:00,91.13,11.676,117.055
2018-05-23 10:00,90.96,10.685,141.908
2018-05-23 11:00,90.39,9.327,156.347
2018-05-23 12:00,87.42,9.97,160.903
2018-05-23 13:00,90.65,10.108,156.515
2018-05-23 14:00,93.47,9.767,143.836
2018-05-23 15:00,93.47,9.702,120.671
2018-05-23 16:00,106.62,10.158,88.924
2018-05-23 17:00,93.47,12.057,53.297
2018-05-23 18:00,93.56,13.194,18.151
2018-05-23 19:00,106.63,15.955,1.133
2018-05-23 20:00,90.6,17.331,0
2018-05-23 21:00,89.4,17.725,0
2018-05-23 22:00,89.3,16.788,0
2018-05-23 23:00,89.06,15.213,0
2018-05-24 0:00,87.59,14.119,0
2018-05-24 1:00,84.34,13.455,0
2018-05-24 2:00,84.47,12.603,0
2018-05-24 3:00,84.54,11.649,0
2018-05-24 4:00,84.67,11.829,0
2018-05-24 5:00,85.25,12.446,0.362
2018-05-24 6:00,87.88,13.803,12.535
2018-05-24 7:00,86.78,14.703,41.75
2018-05-24 8:00,90.65,11.592,76.365
2018-05-24 9:00,92.84,11.155,107.895
2018-05-24 10:00,93.03,9.877,132.434
2018-05-24 11:00,92.94,10.252,144.101
2018-05-24 12:00,92.76,10.327,148.03
2018-05-24 13:00,94.28,9.373,145.548
2018-05-24 14:00,93.97,9.311,134.435
2018-05-24 15:00,93.97,9.614,111.68
2018-05-24 16:00,93.97,10.166,81.307
2018-05-24 17:00,94.04,10.688,47.536
2018-05-24 18:00,90.39,12.187,16.85
2018-05-24 19:00,90.4,15.655,1.711
2018-05-24 20:00,89.33,17.76,0
2018-05-24 21:00,88.96,17.49,0
2018-05-24 22:00,87.72,16.114,0
2018-05-24 23:00,86.65,15.609,0
2018-05-25 0:00,87.13,14.251,0
2018-05-25 1:00,84.36,12.812,0
2018-05-25 2:00,84.4,11.947,0
2018-05-25 3:00,84.4,11.258,0
2018-05-25 4:00,84.54,11.194,0
2018-05-25 5:00,84.67,11.978,0.313
2018-05-25 6:00,85.54,13.142,13.282
2018-05-25 7:00,85.69,13.789,45.029
2018-05-25 8:00,89.49,12.457,81.789
2018-05-25 9:00,90.05,10.984,112.909
2018-05-25 10:00,90.03,11.099,135.11
2018-05-25 11:00,90.02,10.822,146.054
2018-05-25 12:00,88.52,11.128,146.873
2018-05-25 13:00,90.63,10.005,126.529
2018-05-25 14:00,90.95,9.422,101.917
2018-05-25 15:00,90.95,9.661,82.681
2018-05-25 16:00,90.95,10.419,60.48
2018-05-25 17:00,90,11.274,40.208
2018-05-25 18:00,89.48,13,18.055
2018-05-25 19:00,89.48,14.7,1.977
2018-05-25 20:00,89.13,15.913,0
2018-05-25 21:00,86.9,16.676,0
2018-05-25 22:00,85.74,16.344,0
2018-05-25 23:00,85.85,16.254,0
2018-05-26 0:00,87.34,14.386,0
2018-05-26 1:00,84.49,13.491,0
2018-05-26 2:00,84.41,12.938,0
2018-05-26 3:00,84.41,12.738,0
2018-05-26 4:00,84.41,12.152,0
2018-05-26 5:00,85.67,11.873,0.386
2018-05-26 6:00,86.43,13.329,13.957
2018-05-26 7:00,87.84,13.092,43.896
2018-05-26 8:00,87.65,13.43,77.113
2018-05-26 9:00,87.46,13.036,106.666
2018-05-26 10:00,89.37,11.343,128.071
2018-05-26 11:00,88.92,10.83,139.015
2018-05-26 12:00,85.93,11.629,144.149
2018-05-26 13:00,88.79,13.204,33.675
2018-05-26 14:00,89.14,12.438,0
2018-05-26 15:00,88.82,11.707,0
2018-05-26 16:00,88.83,11.865,0
2018-05-26 17:00,88.03,12.444,0
2018-05-26 18:00,88.73,13.431,0
2018-05-26 19:00,89.16,14.866,0
2018-05-26 20:00,93.63,16.897,0
2018-05-26 21:00,93.64,16.738,0
2018-05-26 22:00,93.05,16.149,0
2018-05-26 23:00,87.61,16.291,0
2018-05-27 0:00,84.09,14.759,0
2018-05-27 1:00,83.01,13.883,0
2018-05-27 2:00,81.21,13.854,0
2018-05-27 3:00,81.21,12.651,0
2018-05-27 4:00,81.21,12.414,0
2018-05-27 5:00,109.66,11.38,0.53
2018-05-27 6:00,140.73,12.32,11.86
2018-05-27 7:00,109.66,11.523,25.527
2018-05-27 8:00,78.47,13.35,43.438
2018-05-27 9:00,81.18,13.945,74.726
2018-05-27 10:00,80.99,13.501,61.782
2018-05-27 11:00,80.83,12.481,83.043
2018-05-27 12:00,80.68,12.82,85.043
2018-05-27 13:00,83.68,13.581,85.477
2018-05-27 14:00,83.68,12.722,77.257
2018-05-27 15:00,83.68,13.345,67.471
2018-05-27 16:00,84.12,12.609,57.395
2018-05-27 17:00,89.9,12.541,32.759
2018-05-27 18:00,89.39,13.556,12.631
2018-05-27 19:00,89.17,15.713,2.627
2018-05-27 20:00,90.17,17.323,0
2018-05-27 21:00,87.03,16.937,0
2018-05-27 22:00,86.45,16.313,0
2018-05-27 23:00,86.5,16.037,0
2018-05-28 0:00,83.51,14.656,0
2018-05-28 1:00,78.5,13.029,0
2018-05-28 2:00,73.04,11.995,0
2018-05-28 3:00,73.03,11.551,0
2018-05-28 4:00,78.25,11.115,0
2018-05-28 5:00,83.5,11.342,0.41
2018-05-28 6:00,85.03,13.089,13.885
2018-05-28 7:00,85.73,14.99,43.173
2018-05-28 8:00,89.55,12.302,78.439
2018-05-28 9:00,89.7,11.037,104.834
2018-05-28 10:00,90.71,9.715,124.913
2018-05-28 11:00,90.27,9.919,136.243
2018-05-28 12:00,86.29,11.057,139.931
2018-05-28 13:00,90.82,10.83,141.884
2018-05-28 14:00,92.36,10.082,131.084
2018-05-28 15:00,92.06,9.306,111.439
2018-05-28 16:00,92.58,10.103,81.572
2018-05-28 17:00,92.58,9.907,49.85
2018-05-28 18:00,92.58,11.589,20.031
2018-05-28 19:00,92.58,15.172,2.29
2018-05-28 20:00,89.7,16.875,0
2018-05-28 21:00,90.28,16.5,0
2018-05-28 22:00,89.08,15.896,0
2018-05-28 23:00,86.7,15.239,0
